Workbook

Sheet Sheet1
A1: REnummer | B1: Nätföretag | C1: REnamn | D1: RE | E1: StartHour | F1: EndHour | G1: StartMonth | H1: EndMonth
A2: REL00018 | B2: AB Borlänge Energi Elnät | D2: REL00018 | E2: - | F2: - | G2: - | H2: -
A3: REL00149 | B3: AB PiteEnergi | D3: REL00149 | E3: - | F3: - | G3: - | H3: -
A4: REL00091 | B4: Affärsverken Elnät i Karlskrona AB | D4: REL00091 | E4: - | F4: - | G4: - | H4: -
A5: REL00091 | B5: Affärsverken Karlskrona AB | D5: REL00091 | E5: - | F5: - | G5: - | H5: -
A6: REL00001 | B6: Ale El ek. för. | D6: REL00001 | E6: 6 | F6: 22 | G6: 11 | H6: 3
A7: REL00002 | B7: Alingsås Energi Nät AB | D7: REL00002 | E7: - | F7: - | G7: - | H7: -
A8: REL00003 | B8: Almnäs Bruk AB | D8: REL00003 | E8: - | F8: - | G8: - | H8: -
A9: REL00004 | B9: Alvesta Elnät AB | D9: REL00004 | E9: - | F9: - | G9: - | H9: -
A10: REL00005 | B10: Arvika Teknik AB | D10: REL00005 | E10: - | F10: - | G10: - | H10: -
A11: RER00286 | B11: Baltic Cable AB | D11: RER00286 | E11: - | F11: - | G11: - | H11: -
A12: REL00007 | B12: Bengtsfors Energi Nät AB | D12: REL00007 | E12: - | F12: - | G12: - | H12: -
A13: REL00008 | B13: Bergs Tingslags Elektriska AB | D13: REL00008 | E13: 6 | F13: 21 | G13: 12 | H13: 2
A14: REL00010 | B14: Bjäre Kraft ek. för. | D14: REL00010 | E14: - | F14: - | G14: - | H14: -
A15: REL00011 | B15: Bjärke Energi ek. för. | D15: REL00011 | E15: 6 | F15: 22 | G15: 11 | H15: 3
A16: RER00878 | B16: Bliekevare Nät AB | D16: RER00878 | E16: - | F16: - | G16: - | H16: - | J16: Only customers are themselves, some small number of other customers. No information about tariffs on website
A17: REL00014 | B17: Blåsjön Nät AB | D17: REL00014 | E17: - | F17: - | G17: - | H17: -
A18: REL00015 | B18: Bodens Energi Nät AB | D18: REL00015 | E18: - | F18: - | G18: - | H18: -
A19: REL00016 | B19: Boo Energi ek. för. | D19: REL00016 | E19: 6 | F19: 22 | G19: 11 | H19: 3 | J19: Only for larger electricity customers
A20: REL00017 | B20: Borgholm Energi Elnät AB | D20: REL00017 | E20: - | F20: - | G20: - | H20: -
A21: REL00019 | B21: Borås Elnät AB | D21: REL00019 | E21: 7 | F21: 18 | G21: 11 | H21: 3
A22: REL00101 | B22: Brittedals Elnät AB | D22: REL00101 | E22: - | F22: - | G22: - | H22: -
A23: REL00020 | B23: Brittedals Elnät ek. för. | D23: REL00020 | E23: - | F23: - | G23: - | H23: -
A24: REL01012 | B24: Brittedals Elnät ek. för. | D24: REL01012 | E24: - | F24: - | G24: - | H24: -
A25: RER00932 | B25: Brobacken Nät AB | D25: RER00932 | E25: - | F25: - | G25: - | H25: - | J25: Only customers are themselves
A26: REL00021 | B26: Bromölla Energi och Vatten AB | D26: REL00021 | E26: - | F26: - | G26: - | H26: -
A27: RER01009 | B27: Brännliden Nät AB | D27: RER01009 | E27: - | F27: - | G27: - | H27: - | J27: Only grid for windpower park Brännliden
A28: REL00023 | B28: C4 Elnät AB | D28: REL00023 | E28: - | F28: - | G28: - | H28: - | J28: Power fee incorporated in 1 jan 2026
A29: REL00024 | B29: Carlfors Bruk E Björklund &amp | C29: _ Co KB | D29: REL00024_ Co KB | E29: - | F29: - | G29: - | H29: - | J29: Only for Carlfors industry, no other customers
A30: REL00181 | B30: Dala Elnät AB | D30: REL00181 | E30: 7 | F30: 19 | G30: 11 | H30: 3
A31: REL00869 | B31: Dala Energi Elnät AB | C31: _1_Gagnef Elnät AB | D31: REL00869_1_Gagnef Elnät AB | E31: 7 | F31: 19 | G31: 11 | H31: 3
A32: REL00869 | B32: Dala Energi Elnät AB | C32: _2_Dala Energi Elnät AB | D32: REL00869_2_Dala Energi Elnät AB | E32: 7 | F32: 19 | G32: 11 | H32: 3
A33: REL00869 | B33: Dala Energi Elnät AB | D33: REL00869 | E33: 7 | F33: 19 | G33: 11 | H33: 3
A34: REL03009 | B34: Dala Energi Elnät AB | C34: _f.d. Dala Elnät AB | D34: REL03009_f.d. Dala Elnät AB | E34: 7 | F34: 19 | G34: 11 | H34: 3
A35: REL03009 | B35: Dala Energi Elnät AB | D35: REL03009 | E35: 7 | F35: 19 | G35: 11 | H35: 3
A36: REL00025 | B36: Degerfors Energi AB | D36: REL00025 | E36: 7 | F36: 19 | G36: 11 | H36: 3
A37: REL00094 | B37: E.ON Elnät Kramfors AB | D37: REL00094 | E37: - | F37: - | G37: - | H37: - | J37: No effectavgift, implemented early 2026
A38: REL00571 | B38: E.ON Elnät Stockholm AB | D38: REL00571 | E38: - | F38: - | G38: - | H38: -
A39: REL00601 | B39: E.ON Energidistribution AB | C39: _5_Nord | D39: REL00601_5_Nord | E39: - | F39: - | G39: - | H39: -
A40: REL00601 | B40: E.ON Energidistribution AB | C40: _6_Nord | D40: REL00601_6_Nord | E40: - | F40: - | G40: - | H40: -
A41: REL00615 | B41: E.ON Energidistribution AB | C41: _10_Syd & Mellersta | D41: REL00615_10_Syd & Mellersta | E41: - | F41: - | G41: - | H41: -
A42: REL00615 | B42: E.ON Energidistribution AB | C42: _12_Syd & Mellersta | D42: REL00615_12_Syd & Mellersta | E42: - | F42: - | G42: - | H42: -
A43: REL00615 | B43: E.ON Energidistribution AB | C43: _14_Syd & Mellersta | D43: REL00615_14_Syd & Mellersta | E43: - | F43: - | G43: - | H43: -
A44: REL00615 | B44: E.ON Energidistribution AB | C44: _8_Kungsbacka | D44: REL00615_8_Kungsbacka | E44: - | F44: - | G44: - | H44: -
A45: REL00615 | B45: E.ON Energidistribution AB | C45: _9_Västbo | D45: REL00615_9_Västbo | E45: - | F45: - | G45: - | H45: -
A46: REL00615 | B46: E.ON Energidistribution AB | C46: _Syd & Mellersta | D46: REL00615_Syd & Mellersta | E46: - | F46: - | G46: - | H46: -
A47: REL00957 | B47: E.ON Energidistribution AB | C47: _1 | D47: REL00957_1 | E47: - | F47: - | G47: - | H47: -
A48: REL00957 | B48: E.ON Energidistribution AB | C48: _1_Nord | D48: REL00957_1_Nord | E48: - | F48: - | G48: - | H48: -
A49: REL00957 | B49: E.ON Energidistribution AB | C49: _2 | D49: REL00957_2 | E49: - | F49: - | G49: - | H49: -
A50: REL03018 | B50: E.ON Energidistribution AB | D50: REL03018 | E50: - | F50: - | G50: - | H50: -
A51: REL03028 | B51: E.ON Energidistribution AB | C51: _1_Syd & Mellersta | D51: REL03028_1_Syd & Mellersta | E51: - | F51: - | G51: - | H51: -
A52: REL03028 | B52: E.ON Energidistribution AB | C52: _2_Norr | D52: REL03028_2_Norr | E52: - | F52: - | G52: - | H52: -
A53: REL03028 | B53: E.ON Energidistribution AB | C53: _3_Stockholm | D53: REL03028_3_Stockholm | E53: - | F53: - | G53: - | H53: -
A54: RER00855 | B54: E.ON Energidistribution AB | D54: RER00855 | E54: - | F54: - | G54: - | H54: -
A55: REL00026 | B55: Edsbyns Elnät AB | D55: REL00026 | E55: - | F55: - | G55: - | H55: - | J55: Does not exist anymore, is a part of ellevio now
A56: REL00028 | B56: Ekerö Energi AB | D56: REL00028 | E56: - | F56: - | G56: - | H56: - | J56: Does not exist anymore, is a part of ellevio now
A57: REL00029 | B57: Ekfors Elnät AB | D57: REL00029 | E57: - | F57: - | G57: - | H57: - | J57: Does not exist anymore, is part of Övertårneå Kraft Aktiebolag
A58: REL00030 | B58: Eksjö Elnät AB | D58: REL00030 | E58: - | F58: - | G58: - | H58: - | J58: Nothing is decided yet, but they plan atm to do höglast 6-20 nov-mar
A59: REL00509 | B59: Ellevio AB | C59: _4_Västkusten | D59: REL00509_4_Västkusten | E59: 6 | F59: 22 | G59: - | H59: -
A60: REL00509 | B60: Ellevio AB | C60: _5_Västkusten | D60: REL00509_5_Västkusten | E60: 6 | F60: 22 | G60: - | H60: -
A61: REL00509 | B61: Ellevio AB | C61: _Västkusten | D61: REL00509_Västkusten | E61: 6 | F61: 22 | G61: - | H61: -
A62: REL00608 | B62: Ellevio AB | C62: _1_Stockholm | D62: REL00608_1_Stockholm | E62: 6 | F62: 22 | G62: - | H62: -
A63: REL00608 | B63: Ellevio AB | C63: _2_Lidingö | D63: REL00608_2_Lidingö | E63: 6 | F63: 22 | G63: - | H63: -
A64: REL00608 | B64: Ellevio AB | C64: _3_Täby | D64: REL00608_3_Täby | E64: 6 | F64: 22 | G64: - | H64: -
A65: REL00860 | B65: Ellevio AB | C65: _2_Norra Dalarna | D65: REL00860_2_Norra Dalarna | E65: 6 | F65: 22 | G65: - | H65: -
A66: REL00860 | B66: Ellevio AB | C66: _3_Norra Vansbro | D66: REL00860_3_Norra Vansbro | E66: 6 | F66: 22 | G66: - | H66: -
A67: REL00860 | B67: Ellevio AB | C67: _4_S.Norrland | D67: REL00860_4_S.Norrland | E67: 6 | F67: 22 | G67: - | H67: -
A68: REL00860 | B68: Ellevio AB | C68: _6_Södra Norrland och Dalarna | D68: REL00860_6_Södra Norrland och Dalarna | E68: 6 | F68: 22 | G68: - | H68: -
A69: REL00861 | B69: Ellevio AB | C69: _1_Nor-Segerstad | D69: REL00861_1_Nor-Segerstad | E69: 6 | F69: 22 | G69: - | H69: -
A70: REL00861 | B70: Ellevio AB | C70: _3_Västra Svealand-Västergötland | D70: REL00861_3_Västra Svealand-Västergötland | E70: 6 | F70: 22 | G70: - | H70: -
... A93: REL03035 | B93: Ellevio AB | C93: _3_Edsbyn | D93: REL03035_3_Edsbyn | E93: 6 | F93: 22 | G93: - | H93: -
A94: RER00259 | B94: Ellevio AB | D94: RER00259 | E94: 6 | F94: 22 | G94: - | H94: -
A95: RER00586 | B95: Ellevio AB | D95: RER00586 | E95: 6 | F95: 22 | G95: - | H95: -
A96: RER03010 | B96: Ellevio AB | D96: RER03010 | E96: 6 | F96: 22 | G96: - | H96: -
A97: REL00202 | B97: Elverket Vallentuna AB | D97: REL00202 | E97: - | F97: - | G97: - | H97: - | J97: Does not exist anymore, is a part of ellevio now
A98: REL00202 | B98: Elverket Vallentuna Elnät AB | D98: REL00202 | E98: - | F98: - | G98: - | H98: - | J98: Does not exist anymore, is a part of ellevio now
A99: REL00031 | B99: Emmaboda Elnät AB | D99: REL00031 | E99: - | F99: - | G99: - | H99: -
A100: REL00034 | B100: Envikens Elnät AB | D100: REL00034 | E100: - | F100: - | G100: - | H100: - | J100: Does not exist anymore, is a part of Falu Energi och vatten since 2018
A101: REL00035 | B101: Eskilstuna Energi och Miljö Elnät AB | D101: REL00035 | E101: - | F101: - | G101: - | H101: - | J101: Not implemented atm, will be implemented 2026
A102: REL00037 | B102: Falbygdens Energi Nät AB | D102: REL00037 | E102: 7 | F102: 19 | G102: 11 | H102: 3
A103: REL00038 | B103: Falkenberg Energi AB | D103: REL00038 | E103: 0 | F103: 0 | G103: 11 | H103: 3 | J103: No time differentiation apart form monthly basis
A104: REL00039 | B104: Falu Elnät AB | D104: REL00039 | E104: 7 | F104: 19 | G104: 11 | H104: 3 | J104: Implemented november 2025
A105: REL03015 | B105: Falu Elnät AB | D105: REL03015 | E105: 7 | F105: 19 | G105: 11 | H105: 3 | J105: Implemented november 2026
A106: REL00040 | B106: Filipstad Energinät AB | D106: REL00040 | E106: 6 | F106: 18 | G106: 11 | H106: 3
A107: REL00043 | B107: Gislaved Energi Elnät AB | D107: REL00043 | E107: - | F107: - | G107: - | H107: -
A108: REL00945 | B108: Gotlands Elnät AB | D108: REL00945 | E108: - | F108: - | G108: - | H108: - | J108: Not implemented yet, will be implemented 2026
A109: REL00044 | B109: Gotlands Energi AB | D109: REL00044 | E109: - | F109: - | G109: - | H109: - | J109: Not implemented yet, will be implemented 2026
A110: REL00049 | B110: Grästorps Energi ek. för. | D110: REL00049 | E110: 6 | F110: 22 | G110: 11 | H110: 3
A111: REL00061 | B111: Gävle Energi AB | D111: REL00061 | E111: 7 | F111: 21 | G111: 11 | H111: 3
A112: REL00885 | B112: Gävle Energi AB | C112: _1_Hedesunda | D112: REL00885_1_Hedesunda | E112: 7 | F112: 21 | G112: 11 | H112: 3
A113: REL00885 | B113: Gävle Energi AB | C113: _2_Gävle | D113: REL00885_2_Gävle | E113: 7 | F113: 21 | G113: 11 | H113: 3
A114: REL00885 | B114: Gävle Energi AB | C114: _3_Gävle | D114: REL00885_3_Gävle | E114: 7 | F114: 21 | G114: 11 | H114: 3
A115: REL00885 | B115: Gävle Energi AB | D115: REL00885 | E115: 7 | F115: 21 | G115: 11 | H115: 3
A116: REL00062 | B116: Göteborg Energi Nät AB | D116: REL00062 | E116: 7 | F116: 20 | G116: 11 | H116: 3 | J116: Optional until end of 2026
A117: REL00585 | B117: Götene Elförening ek. för. | C117: _3_Götene | D117: REL00585_3_Götene | E117: - | F117: - | G117: - | H117: -
A118: REL00585 | B118: Götene Elförening ek. för. | D118: REL00585 | E118: - | F118: - | G118: - | H118: -
A119: REL00064 | B119: Habo Kraft AB | D119: REL00064 | E119: - | F119: - | G119: - | H119: - | J119: Not implemented yet, will be implemented 2026
A120: REL00067 | B120: Hallstaviks Elverk ek. för. | D120: REL00067 | E120: - | F120: - | G120: - | H120: - | J120: Not implemented yet, will be implemented 2026
A121: REL00033 | B121: Halmstads Energi och Miljö Nät AB | D121: REL00033 | E121: 7 | F121: 22 | G121: 11 | H121: 3 | J121: Not implemented yet, will be implemented 2026
A122: REL00068 | B122: Hamra Besparingsskog | D122: REL00068 | E122: - | F122: - | G122: - | H122: - | J122: Does not exist anymore?
...

Sheet filteredHighloadTime
A1: REnummer | B1: Nätföretag | C1: REnamn | D1: RE | E1: StartHour | F1: EndHour | G1: StartMonth | H1: EndMonth
A2: =_xlfn.XLOOKUP($D2, Sheet1!$D:$D, Sheet1!A:A, "") -> REL00018 | B2: =_xlfn.XLOOKUP($D2, Sheet1!$D:$D, Sheet1!B:B, "") -> AB Borlänge Energi Elnät | C2: =_xlfn.XLOOKUP($D2, Sheet1!$D:$D, Sheet1!C:C, "") -> 0 | D2: REL00018 | E2: =_xlfn.XLOOKUP($D2, Sheet1!$D:$D, Sheet1!E:E, "") -> - | F2: =_xlfn.XLOOKUP($D2, Sheet1!$D:$D, Sheet1!F:F, "") -> - | G2: =_xlfn.XLOOKUP($D2, Sheet1!$D:$D, Sheet1!G:G, "") -> - | H2: =_xlfn.XLOOKUP($D2, Sheet1!$D:$D, Sheet1!H:H, "") -> -
A3: =_xlfn.XLOOKUP($D3, Sheet1!$D:$D, Sheet1!A:A, "") -> REL00149 | B3: =_xlfn.XLOOKUP($D3, Sheet1!$D:$D, Sheet1!B:B, "") -> AB PiteEnergi | C3: =_xlfn.XLOOKUP($D3, Sheet1!$D:$D, Sheet1!C:C, "") -> 0 | D3: REL00149 | E3: =_xlfn.XLOOKUP($D3, Sheet1!$D:$D, Sheet1!E:E, "") -> - | F3: =_xlfn.XLOOKUP($D3, Sheet1!$D:$D, Sheet1!F:F, "") -> - | G3: =_xlfn.XLOOKUP($D3, Sheet1!$D:$D, Sheet1!G:G, "") -> - | H3: =_xlfn.XLOOKUP($D3, Sheet1!$D:$D, Sheet1!H:H, "") -> -
A4: =_xlfn.XLOOKUP($D4, Sheet1!$D:$D, Sheet1!A:A, "") -> REL00091 | B4: =_xlfn.XLOOKUP($D4, Sheet1!$D:$D, Sheet1!B:B, "") -> Affärsverken Elnät i Karlskrona AB | C4: =_xlfn.XLOOKUP($D4, Sheet1!$D:$D, Sheet1!C:C, "") -> 0 | D4: REL00091 | E4: =_xlfn.XLOOKUP($D4, Sheet1!$D:$D, Sheet1!E:E, "") -> - | F4: =_xlfn.XLOOKUP($D4, Sheet1!$D:$D, Sheet1!F:F, "") -> - | G4: =_xlfn.XLOOKUP($D4, Sheet1!$D:$D, Sheet1!G:G, "") -> - | H4: =_xlfn.XLOOKUP($D4, Sheet1!$D:$D, Sheet1!H:H, "") -> -
A5: =_xlfn.XLOOKUP($D5, Sheet1!$D:$D, Sheet1!A:A, "") -> REL00001 | B5: =_xlfn.XLOOKUP($D5, Sheet1!$D:$D, Sheet1!B:B, "") -> Ale El ek. för. | C5: =_xlfn.XLOOKUP($D5, Sheet1!$D:$D, Sheet1!C:C, "") -> 0 | D5: REL00001 | E5: =_xlfn.XLOOKUP($D5, Sheet1!$D:$D, Sheet1!E:E, "") -> 6 | F5: =_xlfn.XLOOKUP($D5, Sheet1!$D:$D, Sheet1!F:F, "") -> 22 | G5: =_xlfn.XLOOKUP($D5, Sheet1!$D:$D, Sheet1!G:G, "") -> 11 | H5: =_xlfn.XLOOKUP($D5, Sheet1!$D:$D, Sheet1!H:H, "") -> 3
A6: =_xlfn.XLOOKUP($D6, Sheet1!$D:$D, Sheet1!A:A, "") -> REL00002 | B6: =_xlfn.XLOOKUP($D6, Sheet1!$D:$D, Sheet1!B:B, "") -> Alingsås Energi Nät AB | C6: =_xlfn.XLOOKUP($D6, Sheet1!$D:$D, Sheet1!C:C, "") -> 0 | D6: REL00002 | E6: =_xlfn.XLOOKUP($D6, Sheet1!$D:$D, Sheet1!E:E, "") -> - | F6: =_xlfn.XLOOKUP($D6, Sheet1!$D:$D, Sheet1!F:F, "") -> - | G6: =_xlfn.XLOOKUP($D6, Sheet1!$D:$D, Sheet1!G:G, "") -> - | H6: =_xlfn.XLOOKUP($D6, Sheet1!$D:$D, Sheet1!H:H, "") -> -
A7: =_xlfn.XLOOKUP($D7, Sheet1!$D:$D, Sheet1!A:A, "") -> REL00003 | B7: =_xlfn.XLOOKUP($D7, Sheet1!$D:$D, Sheet1!B:B, "") -> Almnäs Bruk AB | C7: =_xlfn.XLOOKUP($D7, Sheet1!$D:$D, Sheet1!C:C, "") -> 0 | D7: REL00003 | E7: =_xlfn.XLOOKUP($D7, Sheet1!$D:$D, Sheet1!E:E, "") -> - | F7: =_xlfn.XLOOKUP($D7, Sheet1!$D:$D, Sheet1!F:F, "") -> - | G7: =_xlfn.XLOOKUP($D7, Sheet1!$D:$D, Sheet1!G:G, "") -> - | H7: =_xlfn.XLOOKUP($D7, Sheet1!$D:$D, Sheet1!H:H, "") -> -
A8: =_xlfn.XLOOKUP($D8, Sheet1!$D:$D, Sheet1!A:A, "") -> REL00004 | B8: =_xlfn.XLOOKUP($D8, Sheet1!$D:$D, Sheet1!B:B, "") -> Alvesta Elnät AB | C8: =_xlfn.XLOOKUP($D8, Sheet1!$D:$D, Sheet1!C:C, "") -> 0 | D8: REL00004 | E8: =_xlfn.XLOOKUP($D8, Sheet1!$D:$D, Sheet1!E:E, "") -> - | F8: =_xlfn.XLOOKUP($D8, Sheet1!$D:$D, Sheet1!F:F, "") -> - | G8: =_xlfn.XLOOKUP($D8, Sheet1!$D:$D, Sheet1!G:G, "") -> - | H8: =_xlfn.XLOOKUP($D8, Sheet1!$D:$D, Sheet1!H:H, "") -> -
A9: =_xlfn.XLOOKUP($D9, Sheet1!$D:$D, Sheet1!A:A, "") -> REL00005 | B9: =_xlfn.XLOOKUP($D9, Sheet1!$D:$D, Sheet1!B:B, "") -> Arvika Teknik AB | C9: =_xlfn.XLOOKUP($D9, Sheet1!$D:$D, Sheet1!C:C, "") -> 0 | D9: REL00005 | E9: =_xlfn.XLOOKUP($D9, Sheet1!$D:$D, Sheet1!E:E, "") -> - | F9: =_xlfn.XLOOKUP($D9, Sheet1!$D:$D, Sheet1!F:F, "") -> - | G9: =_xlfn.XLOOKUP($D9, Sheet1!$D:$D, Sheet1!G:G, "") -> - | H9: =_xlfn.XLOOKUP($D9, Sheet1!$D:$D, Sheet1!H:H, "") -> -
A10: =_xlfn.XLOOKUP($D10, Sheet1!$D:$D, Sheet1!A:A, "") -> RER00286 | B10: =_xlfn.XLOOKUP($D10, Sheet1!$D:$D, Sheet1!B:B, "") -> Baltic Cable AB | C10: =_xlfn.XLOOKUP($D10, Sheet1!$D:$D, Sheet1!C:C, "") -> 0 | D10: RER00286 | E10: =_xlfn.XLOOKUP($D10, Sheet1!$D:$D, Sheet1!E:E, "") -> - | F10: =_xlfn.XLOOKUP($D10, Sheet1!$D:$D, Sheet1!F:F, "") -> - | G10: =_xlfn.XLOOKUP($D10, Sheet1!$D:$D, Sheet1!G:G, "") -> - | H10: =_xlfn.XLOOKUP($D10, Sheet1!$D:$D, Sheet1!H:H, "") -> -
A11: =_xlfn.XLOOKUP($D11, Sheet1!$D:$D, Sheet1!A:A, "") -> REL00007 | B11: =_xlfn.XLOOKUP($D11, Sheet1!$D:$D, Sheet1!B:B, "") -> Bengtsfors Energi Nät AB | C11: =_xlfn.XLOOKUP($D11, Sheet1!$D:$D, Sheet1!C:C, "") -> 0 | D11: REL00007 | E11: =_xlfn.XLOOKUP($D11, Sheet1!$D:$D, Sheet1!E:E, "") -> - | F11: =_xlfn.XLOOKUP($D11, Sheet1!$D:$D, Sheet1!F:F, "") -> - | G11: =_xlfn.XLOOKUP($D11, Sheet1!$D:$D, Sheet1!G:G, "") -> - | H11: =_xlfn.XLOOKUP($D11, Sheet1!$D:$D, Sheet1!H:H, "") -> -
A12: =_xlfn.XLOOKUP($D12, Sheet1!$D:$D, Sheet1!A:A, "") -> REL00008 | B12: =_xlfn.XLOOKUP($D12, Sheet1!$D:$D, Sheet1!B:B, "") -> Bergs Tingslags Elektriska AB | C12: =_xlfn.XLOOKUP($D12, Sheet1!$D:$D, Sheet1!C:C, "") -> 0 | D12: REL00008 | E12: =_xlfn.XLOOKUP($D12, Sheet1!$D:$D, Sheet1!E:E, "") -> 6 | F12: =_xlfn.XLOOKUP($D12, Sheet1!$D:$D, Sheet1!F:F, "") -> 21 | G12: =_xlfn.XLOOKUP($D12, Sheet1!$D:$D, Sheet1!G:G, "") -> 12 | H12: =_xlfn.XLOOKUP($D12, Sheet1!$D:$D, Sheet1!H:H, "") -> 2
A13: =_xlfn.XLOOKUP($D13, Sheet1!$D:$D, Sheet1!A:A, "") -> REL00010 | B13: =_xlfn.XLOOKUP($D13, Sheet1!$D:$D, Sheet1!B:B, "") -> Bjäre Kraft ek. för. | C13: =_xlfn.XLOOKUP($D13, Sheet1!$D:$D, Sheet1!C:C, "") -> 0 | D13: REL00010 | E13: =_xlfn.XLOOKUP($D13, Sheet1!$D:$D, Sheet1!E:E, "") -> - | F13: =_xlfn.XLOOKUP($D13, Sheet1!$D:$D, Sheet1!F:F, "") -> - | G13: =_xlfn.XLOOKUP($D13, Sheet1!$D:$D, Sheet1!G:G, "") -> - | H13: =_xlfn.XLOOKUP($D13, Sheet1!$D:$D, Sheet1!H:H, "") -> -
... A307: =_xlfn.XLOOKUP($D307, Sheet1!$D:$D, Sheet1!A:A, "") -> REL00257 | B307: =_xlfn.XLOOKUP($D307, Sheet1!$D:$D, Sheet1!B:B, "") -> Övik Energi Nät AB | C307: =_xlfn.XLOOKUP($D307, Sheet1!$D:$D, Sheet1!C:C, "") -> 0 | D307: REL00257 | E307: =_xlfn.XLOOKUP($D307, Sheet1!$D:$D, Sheet1!E:E, "") -> - | F307: =_xlfn.XLOOKUP($D307, Sheet1!$D:$D, Sheet1!F:F, "") -> - | G307: =_xlfn.XLOOKUP($D307, Sheet1!$D:$D, Sheet1!G:G, "") -> - | H307: =_xlfn.XLOOKUP($D307, Sheet1!$D:$D, Sheet1!H:H, "") -> -
A308: =_xlfn.XLOOKUP($D308, Sheet1!$D:$D, Sheet1!A:A, "") | B308: =_xlfn.XLOOKUP($D308, Sheet1!$D:$D, Sheet1!B:B, "") | C308: =_xlfn.XLOOKUP($D308, Sheet1!$D:$D, Sheet1!C:C, "") | D308: 0 | E308: =_xlfn.XLOOKUP($D308, Sheet1!$D:$D, Sheet1!E:E, "") | F308: =_xlfn.XLOOKUP($D308, Sheet1!$D:$D, Sheet1!F:F, "") | G308: =_xlfn.XLOOKUP($D308, Sheet1!$D:$D, Sheet1!G:G, "") | H308: =_xlfn.XLOOKUP($D308, Sheet1!$D:$D, Sheet1!H:H, "")
