Workbook

Sheet Data
A1: länskod | B1: län | C1: kommunkod | D1: kommunnamn | E1: KONCESSION | F1: Spanning | G1: Enhet | H1: Subredovisningsenhet (2023) | I1: Subredovisningsenhet (2022) | J1: Subredovisningsenhet (2021) | K1: Subredovisningsenhet (2020) | L1: Subredovisningsenhet (2019) | M1: FöretagNa | N1: elomrade
A2: 25 | B2: Norrbotten | C2: 2584 | D2: Kiruna | E2: 8600S | F2: 20 | G2: REL03030 | H2: REL03030_1_Lokalnät Norr | I2: REL00572 | J2: REL00572 | K2: REL00572 | L2: REL00572 | M2: Vattenfall Eldistribution AB | N2: SE1
A3: 25 | B3: Norrbotten | C3: 2510 | D3: Jokkmokk | E3: 8600B | F3: 20 | G3: REL03030 | H3: REL03030_1_Lokalnät Norr | I3: REL00572 | J3: REL00572 | K3: REL00572 | L3: REL00572 | M3: Vattenfall Eldistribution AB | N3: SE1
A4: 23 | B4: Jämtland | C4: 2361 | D4: Härjedalen | E4: 1952EA | F4: 52 | G4: REL00576 | H4: REL00576_3 | M4: Härjeåns Nät AB | N4: SE2
A5: 25 | B5: Norrbotten | C5: 2523 | D5: Gällivare | E5: 8600K | F5: 20 | G5: REL03030 | H5: REL03030_1_Lokalnät Norr | I5: REL00572 | J5: REL00572 | K5: REL00572 | L5: REL00572 | M5: Vattenfall Eldistribution AB | N5: SE1
A6: 20 | B6: Dalarna | C6: 2039 | D6: Älvdalen | E6: 1517DP | F6: 20 | G6: REL03035 | H6: REL03035_1_Mellansverige | I6: REL03017_2_Västra Svealand | J6: REL03017_2_Västra Svealand | K6: REL03017_2_Västra Svealand | L6: REL03008_2_Västra Svealand | M6: Ellevio AB | N6: SE3
A7: 09 | B7: Gotland | C7: 0980 | D7: Gotland | E7: 2118BG | F7: 70 | G7: REL00945 | H7: REL00945 | M7: Gotlands Elnät AB | N7: SE3
A8: 25 | B8: Norrbotten | C8: 2506 | D8: Arjeplog | E8: 8600F | F8: 20 | G8: REL03030 | H8: REL03030_1_Lokalnät Norr | I8: REL00572 | J8: REL00572 | K8: REL00572 | L8: REL00572 | M8: Vattenfall Eldistribution AB | N8: SE1
A9: 23 | B9: Jämtland | C9: 2313 | D9: Strömsund | E9: 406GU | F9: 20 | G9: REL03028 | H9: REL03028_3_Stockholm | M9: E.ON Energidistribution AB | N9: SE2
A10: 22 | B10: Västernorrland | C10: 2283 | D10: Sollefteå | E10: 406GU | F10: 20 | G10: REL03028 | H10: REL03028_3_Stockholm | M10: E.ON Energidistribution AB | N10: SE2
A11: 12 | B11: Skåne | C11: 1262 | D11: Lomma | E11: 11213 | F11: 24 | G11: REL00886 | H11: REL00886_1_Höörs kommun | M11: Kraftringen Nät AB | N11: SE4
A12: 24 | B12: Västerbotten | C12: 2482 | D12: Skellefteå | E12: 412KC | F12: 20 | G12: REL00824 | H12: REL00824 | M12: Skellefteå Kraft Elnät AB | N12: SE1
A13: 24 | B13: Västerbotten | C13: 2462 | D13: Vilhelmina | E13: 8600N | F13: 22 | G13: REL03030 | H13: REL03030_1_Lokalnät Norr | I13: REL00572 | J13: REL00572 | K13: REL00572 | L13: REL00572 | M13: Vattenfall Eldistribution AB | N13: SE2
A14: 22 | B14: Västernorrland | C14: 2284 | D14: Örnsköldsvik | E14: 8600Q | F14: 20 | G14: REL03030 | H14: REL03030_1_Lokalnät Norr | I14: REL00572 | J14: REL00572 | K14: REL00572 | L14: REL00572 | M14: Vattenfall Eldistribution AB | N14: SE2
A15: 23 | B15: Jämtland | C15: 2321 | D15: Åre | E15: 4CH | F15: 40 | G15: REL00085 | H15: REL00085 | M15: Jämtkraft Elnät AB | N15: SE2
A16: 24 | B16: Västerbotten | C16: 2421 | D16: Storuman | E16: 8600N | F16: 22 | G16: REL03030 | H16: REL03030_1_Lokalnät Norr | I16: REL00572 | J16: REL00572 | K16: REL00572 | L16: REL00572 | M16: Vattenfall Eldistribution AB | N16: SE2
A17: 25 | B17: Norrbotten | C17: 2581 | D17: Piteå | E17: 1834AE | F17: 20 | G17: REL00149 | H17: REL00149 | M17: AB PiteEnergi | N17: SE1
A18: 25 | B18: Norrbotten | C18: 2521 | D18: Pajala | E18: 8600L | F18: 20 | G18: REL03030 | H18: REL03030_1_Lokalnät Norr | I18: REL00572 | J18: REL00572 | K18: REL00572 | L18: REL00572 | M18: Vattenfall Eldistribution AB | N18: SE1
A19: 24 | B19: Västerbotten | C19: 2422 | D19: Sorsele | E19: 8600N | F19: 22 | G19: REL03030 | H19: REL03030_1_Lokalnät Norr | I19: REL00572 | J19: REL00572 | K19: REL00572 | L19: REL00572 | M19: Vattenfall Eldistribution AB | N19: SE2
A20: 01 | B20: Stockholm | C20: 0184 | D20: Solna | E20: 8300A | F20: 70 | G20: REL03030 | H20: REL03030_1_Lokalnät Norr | I20: REL00572 | J20: REL00572 | K20: REL00572 | L20: REL00572 | M20: Vattenfall Eldistribution AB | N20: SE3
A21: 23 | B21: Jämtland | C21: 2309 | D21: Krokom | E21: 4CH | F21: 40 | G21: REL00085 | H21: REL00085 | M21: Jämtkraft Elnät AB | N21: SE2
A22: 21 | B22: Gävleborg | C22: 2161 | D22: Ljusdal | E22: 35CR | F22: 24 | G22: REL03035 | H22: REL03035_1_Mellansverige | I22: REL03017_2_Västra Svealand | J22: REL03017_2_Västra Svealand | K22: REL03017_2_Västra Svealand | L22: REL03008_2_Västra Svealand | M22: Ellevio AB | N22: SE2
A23: 23 | B23: Jämtland | C23: 2326 | D23: Berg | E23: 10870 | F23: 52 | G23: REL00008 | H23: REL00008 | M23: Bergs Tingslags Elektriska AB | N23: SE2
A24: 25 | B24: Norrbotten | C24: 2505 | D24: Arvidsjaur | E24: 8600I | F24: 20 | G24: REL03030 | H24: REL03030_1_Lokalnät Norr | I24: REL00572 | J24: REL00572 | K24: REL00572 | L24: REL00572 | M24: Vattenfall Eldistribution AB | N24: SE1
A25: 01 | B25: Stockholm | C25: 0188 | D25: Norrtälje | E25: 5259L | F25: 25 | G25: REL03030 | H25: REL03030_1_Lokalnät Norr | I25: REL00572 | J25: REL00572 | K25: REL00572 | L25: REL00572 | M25: Vattenfall Eldistribution AB | N25: SE3
A26: 24 | B26: Västerbotten | C26: 2481 | D26: Lycksele | E26: 1698AB | F26: 20 | G26: REL00824 | H26: REL00824 | M26: Skellefteå Kraft Elnät AB | N26: SE2
A27: 24 | B27: Västerbotten | C27: 2463 | D27: Åsele | E27: 8600N | F27: 22 | G27: REL03030 | H27: REL03030_1_Lokalnät Norr | I27: REL00572 | J27: REL00572 | K27: REL00572 | L27: REL00572 | M27: Vattenfall Eldistribution AB | N27: SE2
A28: 24 | B28: Västerbotten | C28: 2480 | D28: Umeå | E28: 72JA | F28: 52 | G28: REL00584 | H28: REL00584 | M28: Umeå Energi Elnät AB | N28: SE2
A29: 25 | B29: Norrbotten | C29: 2580 | D29: Luleå | E29: 104FA | F29: 40 | G29: REL00118 | H29: REL00118 | M29: Luleå Energi Elnät AB | N29: SE1
A30: 21 | B30: Gävleborg | C30: 2184 | D30: Hudiksvall | E30: 35CR | F30: 24 | G30: REL03035 | H30: REL03035_1_Mellansverige | I30: REL03017_2_Västra Svealand | J30: REL03017_2_Västra Svealand | K30: REL03017_2_Västra Svealand | L30: REL03008_2_Västra Svealand | M30: Ellevio AB | N30: SE2
A31: 22 | B31: Västernorrland | C31: 2281 | D31: Sundsvall | E31: 380CIB | F31: 20 | G31: REL03028 | H31: REL03028_3_Stockholm | M31: E.ON Energidistribution AB | N31: SE2
A32: 17 | B32: Värmland | C32: 1737 | D32: Torsby | E32: 7220EI | F32: 24 | G32: REL03035 | H32: REL03035_1_Mellansverige | I32: REL03017_2_Västra Svealand | J32: REL03017_2_Västra Svealand | K32: REL03017_2_Västra Svealand | L32: REL03008_2_Västra Svealand | M32: Ellevio AB | N32: SE3
A33: 20 | B33: Dalarna | C33: 2023 | D33: Malung-Sälen | E33: 11116 | F33: 36 | G33: REL00123 | H33: REL00123 | M33: Malung-Sälens Elnät AB | N33: SE3
A34: 25 | B34: Norrbotten | C34: 2582 | D34: Boden | E34: 294IT | F34: 20 | G34: REL00015 | H34: REL00015 | M34: Bodens Energi Nät AB | N34: SE1
A35: 23 | B35: Jämtland | C35: 2305 | D35: Bräcke | E35: 1952EA | F35: 52 | G35: REL00576 | H35: REL00576_3 | M35: Härjeåns Nät AB | N35: SE2
A36: 25 | B36: Norrbotten | C36: 2514 | D36: Kalix | E36: 8600R | F36: 20 | G36: REL03030 | H36: REL03030_1_Lokalnät Norr | I36: REL00572 | J36: REL00572 | K36: REL00572 | L36: REL00572 | M36: Vattenfall Eldistribution AB | N36: SE1
A37: 03 | B37: Uppsala | C37: 0382 | D37: Östhammar | E37: 731ÖGR | F37: 20 | G37: REL03030 | H37: REL03030_1_Lokalnät Norr | I37: REL00572 | J37: REL00572 | K37: REL00572 | L37: REL00572 | M37: Vattenfall Eldistribution AB | N37: SE3
A38: 08 | B38: Kalmar | C38: 0885 | D38: Borgholm | E38: 380Bm | F38: 20 | G38: REL03028 | H38: REL03028_3_Stockholm | M38: E.ON Energidistribution AB | N38: SE4
A39: 08 | B39: Kalmar | C39: 0840 | D39: Mörbylånga | E39: 380Bm | F39: 20 | G39: REL03028 | H39: REL03028_3_Stockholm | M39: E.ON Energidistribution AB | N39: SE4
A40: 08 | B40: Kalmar | C40: 0883 | D40: Västervik | E40: 380CPG | F40: 20 | G40: REL03028 | H40: REL03028_3_Stockholm | M40: E.ON Energidistribution AB | N40: SE3
A41: 21 | B41: Gävleborg | C41: 2180 | D41: Gävle | E41: 8201J | F41: 20 | G41: REL00885 | H41: REL00885_3_Gävle | M41: Gävle Energi AB | N41: SE3
A42: 12 | B42: Skåne | C42: 1231 | D42: Burlöv | E42: 365DG | F42: 50 | G42: REL03028 | H42: REL03028_3_Stockholm | M42: E.ON Energidistribution AB | N42: SE4
A43: 10 | B43: Blekinge | C43: 1080 | D43: Karlskrona | E43: 380ÄCc | F43: 20 | G43: REL03028 | H43: REL03028_3_Stockholm | M43: E.ON Energidistribution AB | N43: SE4
A44: 22 | B44: Västernorrland | C44: 2260 | D44: Ånge | E44: 1952EA | F44: 52 | G44: REL00576 | H44: REL00576_3 | M44: Härjeåns Nät AB | N44: SE2
A45: 20 | B45: Dalarna | C45: 2062 | D45: Mora | E45: 1517DP | F45: 20 | G45: REL03035 | H45: REL03035_1_Mellansverige | I45: REL03017_2_Västra Svealand | J45: REL03017_2_Västra Svealand | K45: REL03017_2_Västra Svealand | L45: REL03008_2_Västra Svealand | M45: Ellevio AB | N45: SE3
A46: 01 | B46: Stockholm | C46: 0120 | D46: Värmdö | E46: 731ÖGM | F46: 20 | G46: REL03030 | H46: REL03030_1_Lokalnät Norr | I46: REL00572 | J46: REL00572 | K46: REL00572 | L46: REL00572 | M46: Vattenfall Eldistribution AB | N46: SE3
A47: 24 | B47: Västerbotten | C47: 2425 | D47: Dorotea | E47: 406GU | F47: 20 | G47: REL03028 | H47: REL03028_3_Stockholm | M47: E.ON Energidistribution AB | N47: SE2
A48: 25 | B48: Norrbotten | C48: 2513 | D48: Överkalix | E48: 8600H(1) | F48: 20 | G48: REL03030 | H48: REL03030_1_Lokalnät Norr | I48: REL00572 | J48: REL00572 | K48: REL00572 | L48: REL00572 | M48: Vattenfall Eldistribution AB | N48: SE1
A49: 22 | B49: Västernorrland | C49: 2282 | D49: Kramfors | E49: 406GU | F49: 20 | G49: REL03028 | H49: REL03028_3_Stockholm | M49: E.ON Energidistribution AB | N49: SE2
A50: 24 | B50: Västerbotten | C50: 2404 | D50: Vindeln | E50: 8600N | F50: 22 | G50: REL03030 | H50: REL03030_1_Lokalnät Norr | I50: REL00572 | J50: REL00572 | K50: REL00572 | L50: REL00572 | M50: Vattenfall Eldistribution AB | N50: SE2
A51: 23 | B51: Jämtland | C51: 2303 | D51: Ragunda | E51: 380CIB | F51: 20 | G51: REL03028 | H51: REL03028_3_Stockholm | M51: E.ON Energidistribution AB | N51: SE2
A52: 03 | B52: Uppsala | C52: 0360 | D52: Tierp | E52: 731ÖEM | F52: 20 | G52: REL03030 | H52: REL03030_1_Lokalnät Norr | I52: REL00572 | J52: REL00572 | K52: REL00572 | L52: REL00572 | M52: Vattenfall Eldistribution AB | N52: SE3
A53: 01 | B53: Stockholm | C53: 0183 | D53: Sundbyberg | E53: 8300A | F53: 70 | G53: REL03030 | H53: REL03030_1_Lokalnät Norr | I53: REL00572 | J53: REL00572 | K53: REL00572 | L53: REL00572 | M53: Vattenfall Eldistribution AB | N53: SE3
A54: 21 | B54: Gävleborg | C54: 2132 | D54: Nordanstig | E54: 380CIB | F54: 20 | G54: REL03028 | H54: REL03028_3_Stockholm | M54: E.ON Energidistribution AB | N54: SE2
A55: 24 | B55: Västerbotten | C55: 2401 | D55: Nordmaling | E55: 11004 | F55: 24 | G55: REL03030 | H55: REL03030_1_Lokalnät Norr | I55: REL00572 | J55: REL00572 | K55: REL00572 | L55: REL00572 | M55: Vattenfall Eldistribution AB | N55: SE2
A56: 17 | B56: Värmland | C56: 1785 | D56: Säffle | E56: 8400AS | F56: 20 | G56: REL03030 | H56: REL03030_1_Lokalnät Norr | I56: REL00572 | J56: REL00572 | K56: REL00572 | L56: REL00572 | M56: Vattenfall Eldistribution AB | N56: SE3
A57: 25 | B57: Norrbotten | C57: 2518 | D57: Övertorneå | E57: 8600L | F57: 20 | G57: REL03030 | H57: REL03030_1_Lokalnät Norr | I57: REL00572 | J57: REL00572 | K57: REL00572 | L57: REL00572 | M57: Vattenfall Eldistribution AB | N57: SE1
A58: 23 | B58: Jämtland | C58: 2380 | D58: Östersund | E58: 4CH | F58: 40 | G58: REL00085 | H58: REL00085 | M58: Jämtkraft Elnät AB | N58: SE2
A59: 24 | B59: Västerbotten | C59: 2409 | D59: Robertsfors | E59: 412JX | F59: 20 | G59: REL00824 | H59: REL00824 | M59: Skellefteå Kraft Elnät AB | N59: SE2
A60: 14 | B60: Västra Götaland | C60: 1435 | D60: Tanum | E60: 8705F | F60: 20 | G60: REL03035 | H60: REL03035_1_Mellansverige | I60: REL03017_2_Västra Svealand | J60: REL03017_2_Västra Svealand | K60: REL03017_2_Västra Svealand | L60: REL03008_2_Västra Svealand | M60: Ellevio AB | N60: SE3
A61: 21 | B61: Gävleborg | C61: 2182 | D61: Söderhamn | E61: 64OÅ | F61: 20 | G61: REL03035 | H61: REL03035_1_Mellansverige | I61: REL03017_2_Västra Svealand | J61: REL03017_2_Västra Svealand | K61: REL03017_2_Västra Svealand | L61: REL03008_2_Västra Svealand | M61: Ellevio AB | N61: SE2
A62: 08 | B62: Kalmar | C62: 0882 | D62: Oskarshamn | E62: 380RCc | F62: 20 | G62: REL03028 | H62: REL03028_3_Stockholm | M62: E.ON Energidistribution AB | N62: SE3
A63: 20 | B63: Dalarna | C63: 2080 | D63: Falun | E63: 11404 | F63: 24 | G63: REL03015 | H63: REL03015 | M63: Falu Elnät AB | N63: SE3
A64: 20 | B64: Dalarna | C64: 2031 | D64: Rättvik | E64: 306CN | F64: 20 | G64: REL03009 | H64: REL03009_f.d. Dala Elnät AB | M64: Dala Energi Elnät AB | N64: SE3
A65: 03 | B65: Uppsala | C65: 0380 | D65: Uppsala | E65: 731ÖGT | F65: 20 | G65: REL03030 | H65: REL03030_1_Lokalnät Norr | I65: REL00572 | J65: REL00572 | K65: REL00572 | L65: REL00572 | M65: Vattenfall Eldistribution AB | N65: SE3
A66: 01 | B66: Stockholm | C66: 0136 | D66: Haninge | E66: 731ÖFÖ | F66: 20 | G66: REL03030 | H66: REL03030_1_Lokalnät Norr | I66: REL00572 | J66: REL00572 | K66: REL00572 | L66: REL00572 | M66: Vattenfall Eldistribution AB | N66: SE3
A67: 04 | B67: Södermanland | C67: 0480 | D67: Nyköping | E67: 731ÖFM | F67: 20 | G67: REL03030 | H67: REL03030_1_Lokalnät Norr | I67: REL00572 | J67: REL00572 | K67: REL00572 | L67: REL00572 | M67: Vattenfall Eldistribution AB | N67: SE3
A68: 05 | B68: Östergötland | C68: 0563 | D68: Valdemarsvik | E68: 380CPG | F68: 20 | G68: REL03028 | H68: REL03028_3_Stockholm | M68: E.ON Energidistribution AB | N68: SE3
A69: 05 | B69: Östergötland | C69: 0581 | D69: Norrköping | E69: 380COÅ | F69: 24 | G69: REL03028 | H69: REL03028_3_Stockholm | M69: E.ON Energidistribution AB | N69: SE3
A70: 21 | B70: Gävleborg | C70: 2121 | D70: Ovanåker | E70: 35CR | F70: 24 | G70: REL03035 | H70: REL03035_1_Mellansverige | I70: REL03017_2_Västra Svealand | J70: REL03017_2_Västra Svealand | K70: REL03017_2_Västra Svealand | L70: REL03008_2_Västra Svealand | M70: Ellevio AB | N70: SE2
A71: 17 | B71: Värmland | C71: 1783 | D71: Hagfors | E71: 7220EI | F71: 24 | G71: REL03035 | H71: REL03035_1_Mellansverige | I71: REL03017_2_Västra Svealand | J71: REL03017_2_Västra Svealand | K71: REL03017_2_Västra Svealand | L71: REL03008_2_Västra Svealand | M71: Ellevio AB | N71: SE3
A72: 07 | B72: Kronoberg | C72: 0781 | D72: Ljungby | E72: 380CGA | F72: 20 | G72: REL03028 | H72: REL03028_3_Stockholm | M72: E.ON Energidistribution AB | N72: SE4
A73: 24 | B73: Västerbotten | C73: 2417 | D73: Norsjö | E73: 412KC | F73: 20 | G73: REL00824 | H73: REL00824 | M73: Skellefteå Kraft Elnät AB | N73: SE1
A74: 21 | B74: Gävleborg | C74: 2183 | D74: Bollnäs | E74: 35CR | F74: 24 | G74: REL03035 | H74: REL03035_1_Mellansverige | I74: REL03017_2_Västra Svealand | J74: REL03017_2_Västra Svealand | K74: REL03017_2_Västra Svealand | L74: REL03008_2_Västra Svealand | M74: Ellevio AB | N74: SE2
A75: 17 | B75: Värmland | C75: 1784 | D75: Arvika | E75: 7220EK | F75: 20 | G75: REL03035 | H75: REL03035_1_Mellansverige | I75: REL03017_2_Västra Svealand | J75: REL03017_2_Västra Svealand | K75: REL03017_2_Västra Svealand | L75: REL03008_2_Västra Svealand | M75: Ellevio AB | N75: SE3
A76: 22 | B76: Västernorrland | C76: 2280 | D76: Härnösand | E76: 114AG | F76: 20 | G76: REL00077 | H76: REL00077 | M76: Härnösand Elnät AB | N76: SE2
A77: 06 | B77: Jönköping | C77: 0680 | D77: Jönköping | E77: 368DH | F77: 20 | G77: REL00086 | H77: REL00086 | M77: Jönköping Energinät AB | N77: SE3
A78: 24 | B78: Västerbotten | C78: 2418 | D78: Malå | E78: 412KC | F78: 20 | G78: REL00824 | H78: REL00824 | M78: Skellefteå Kraft Elnät AB | N78: SE1
A79: 07 | B79: Kronoberg | C79: 0780 | D79: Växjö | E79: 380CHG | F79: 20 | G79: REL03028 | H79: REL03028_3_Stockholm | M79: E.ON Energidistribution AB | N79: SE4
A80: 25 | B80: Norrbotten | C80: 2583 | D80: Haparanda | E80: 10861 | F80: 24 | G80: REL03030 | H80: REL03030_1_Lokalnät Norr | I80: REL00572 | J80: REL00572 | K80: REL00572 | L80: REL00572 | M80: Vattenfall Eldistribution AB | N80: SE1
A81: 13 | B81: Halland | C81: 1382 | D81: Falkenberg | E81: 380CPK | F81: 20 | G81: REL03028 | H81: REL03028_3_Stockholm | M81: E.ON Energidistribution AB | N81: SE4
A82: 18 | B82: Örebro | C82: 1863 | D82: Hällefors | E82: 418AK | F82: 20 | G82: REL03035 | H82: REL03035_1_Mellansverige | I82: REL03017_2_Västra Svealand | J82: REL03017_2_Västra Svealand | K82: REL03017_2_Västra Svealand | L82: REL03008_2_Västra Svealand | M82: Ellevio AB | N82: SE3
A83: 12 | B83: Skåne | C83: 1290 | D83: Kristianstad | E83: 380COV | F83: 24 | G83: REL03028 | H83: REL03028_3_Stockholm | M83: E.ON Energidistribution AB | N83: SE4
A84: 25 | B84: Norrbotten | C84: 2560 | D84: Älvsbyn | E84: 8600E(1) | F84: 20 | G84: REL03030 | H84: REL03030_1_Lokalnät Norr | I84: REL00572 | J84: REL00572 | K84: REL00572 | L84: REL00572 | M84: Vattenfall Eldistribution AB | N84: SE1
A85: 20 | B85: Dalarna | C85: 2034 | D85: Orsa | E85: 1517DP | F85: 20 | G85: REL03035 | H85: REL03035_1_Mellansverige | I85: REL03017_2_Västra Svealand | J85: REL03017_2_Västra Svealand | K85: REL03017_2_Västra Svealand | L85: REL03008_2_Västra Svealand | M85: Ellevio AB | N85: SE3
A86: 17 | B86: Värmland | C86: 1782 | D86: Filipstad | E86: 418AK | F86: 20 | G86: REL03035 | H86: REL03035_1_Mellansverige | I86: REL03017_2_Västra Svealand | J86: REL03017_2_Västra Svealand | K86: REL03017_2_Västra Svealand | L86: REL03008_2_Västra Svealand | M86: Ellevio AB | N86: SE3
A87: 13 | B87: Halland | C87: 1383 | D87: Varberg | E87: 7001CC | F87: 20 | G87: REL00205 | H87: REL00205 | M87: Varbergsortens Elkraft ek. för. | N87: SE3
A88: 10 | B88: Blekinge | C88: 1083 | D88: Sölvesborg | E88: 380Ci | F88: 20 | G88: REL03028 | H88: REL03028_3_Stockholm | M88: E.ON Energidistribution AB | N88: SE4
A89: 13 | B89: Halland | C89: 1380 | D89: Halmstad | E89: 380CCK | F89: 24 | G89: REL03028 | H89: REL03028_3_Stockholm | M89: E.ON Energidistribution AB | N89: SE4
A90: 20 | B90: Dalarna | C90: 2021 | D90: Vansbro | E90: 35DG | F90: 20 | G90: REL03035 | H90: REL03035_1_Mellansverige | I90: REL03017_2_Västra Svealand | J90: REL03017_2_Västra Svealand | K90: REL03017_2_Västra Svealand | L90: REL03008_2_Västra Svealand | M90: Ellevio AB | N90: SE3
A91: 17 | B91: Värmland | C91: 1766 | D91: Sunne | E91: 7220EI | F91: 24 | G91: REL03035 | H91: REL03035_1_Mellansverige | I91: REL03017_2_Västra Svealand | J91: REL03017_2_Västra Svealand | K91: REL03017_2_Västra Svealand | L91: REL03008_2_Västra Svealand | M91: Ellevio AB | N91: SE3
A92: 17 | B92: Värmland | C92: 1765 | D92: Årjäng | E92: 7220EK | F92: 20 | G92: REL03035 | H92: REL03035_1_Mellansverige | I92: REL03017_2_Västra Svealand | J92: REL03017_2_Västra Svealand | K92: REL03017_2_Västra Svealand | L92: REL03008_2_Västra Svealand | M92: Ellevio AB | N92: SE3
A93: 20 | B93: Dalarna | C93: 2085 | D93: Ludvika | E93: 118HA | F93: 20 | G93: REL00570 | H93: REL00570 | M93: Västerbergslagens Elnät AB | N93: SE3
A94: 05 | B94: Östergötland | C94: 0584 | D94: Vadstena | E94: 731ÖFQ | F94: 20 | G94: REL03030 | H94: REL03030_1_Lokalnät Norr | I94: REL00572 | J94: REL00572 | K94: REL00572 | L94: REL00572 | M94: Vattenfall Eldistribution AB | N94: SE3
A95: 18 | B95: Örebro | C95: 1880 | D95: Örebro | E95: 8704Å | F95: 20 | G95: REL03028 | H95: REL03028_3_Stockholm | M95: E.ON Energidistribution AB | N95: SE3
A96: 17 | B96: Värmland | C96: 1781 | D96: Kristinehamn | E96: 418AP | F96: 25 | G96: REL03035 | H96: REL03035_1_Mellansverige | I96: REL03017_2_Västra Svealand | J96: REL03017_2_Västra Svealand | K96: REL03017_2_Västra Svealand | L96: REL03008_2_Västra Svealand | M96: Ellevio AB | N96: SE3
A97: 06 | B97: Jönköping | C97: 0685 | D97: Vetlanda | E97: 380CNV | F97: 20 | G97: REL03028 | H97: REL03028_3_Stockholm | M97: E.ON Energidistribution AB | N97: SE3
A98: 20 | B98: Dalarna | C98: 2026 | D98: Gagnef | E98: 306CN | F98: 20 | G98: REL03009 | H98: REL03009_f.d. Dala Elnät AB | M98: Dala Energi Elnät AB | N98: SE3
A99: 05 | B99: Östergötland | C99: 0580 | D99: Linköping | E99: 175VIIs(8) | F99: 20 | G99: REL00111 | H99: REL00111 | M99: Tekniska verken Linköping Nät AB | N99: SE3
A100: 13 | B100: Halland | C100: 1381 | D100: Laholm | E100: 3166BH | F100: 24 | G100: REL00184 | H100: REL00184 | M100: Södra Hallands Kraft ek. för. | N100: SE4
...

Sheet ModelingAreas
A1: Stockholm | B1: Uppsala | C1: Södermanland | D1: Östergötland | E1: Jönköping | F1: Kronoberg | G1: Kalmar | H1: Gotland | I1: Blekinge | J1: Skåne | K1: Halland | L1: Västra Götaland | M1: Värmland | N1: Örebro | O1: Västmanland | P1: Dalarna | Q1: Gävleborg | R1: Västernorrland | S1: Jämtland | T1: Västerbotten | U1: Norrbotten | V1: SE1 | W1: SE2 | X1: SE3 | Y1: SE4 | Z1: Sverige
A2: {=_xlfn._xlws.FILTER(Data!$D:$D, Data!$B:$B = A$1)} -> Solna | B2: {=_xlfn._xlws.FILTER(Data!$D:$D, Data!$B:$B = B$1)} -> Östhammar | C2: {=_xlfn._xlws.FILTER(Data!$D:$D, Data!$B:$B = C$1)} -> Nyköping | D2: {=_xlfn._xlws.FILTER(Data!$D:$D, Data!$B:$B = D$1)} -> Valdemarsvik | E2: {=_xlfn._xlws.FILTER(Data!$D:$D, Data!$B:$B = E$1)} -> Jönköping | F2: {=_xlfn._xlws.FILTER(Data!$D:$D, Data!$B:$B = F$1)} -> Ljungby | G2: {=_xlfn._xlws.FILTER(Data!$D:$D, Data!$B:$B = G$1)} -> Borgholm | H2: {=_xlfn._xlws.FILTER(Data!$D:$D, Data!$B:$B = H$1)} -> Gotland | ... U2: {=_xlfn._xlws.FILTER(Data!$D:$D, Data!$B:$B = U$1)} -> Kiruna | V2: {=_xlfn._xlws.FILTER(Data!$D:$D, Data!$J:$J = V$1)} -> #VALUE! | W2: {=_xlfn._xlws.FILTER(Data!$D:$D, Data!$J:$J = W$1)} -> #VALUE! | X2: {=_xlfn._xlws.FILTER(Data!$D:$D, Data!$J:$J = X$1)} -> #VALUE! | Y2: {=_xlfn._xlws.FILTER(Data!$D:$D, Data!$J:$J = Y$1)} -> #VALUE! | Z2: {=_xlfn._xlws.FILTER(Data!$D:$D, (NOT(ISBLANK(Data!$D:$D)))*(Data!$D:$D <> "kommunnamn"))} -> Kiruna
A3: Norrtälje | B3: Tierp | C3: Eskilstuna | D3: Norrköping | E3: Vetlanda | F3: Växjö | G3: Mörbylånga | I3: Sölvesborg | J3: Burlöv | K3: Varberg | L3: Mariestad | M3: Säffle | N3: Örebro | O3: Sala | P3: Malung-Sälen | Q3: Hudiksvall | R3: Örnsköldsvik | S3: Strömsund | T3: Vilhelmina | U3: Jokkmokk | Z3: Jokkmokk
A4: Värmdö | B4: Uppsala | C4: Katrineholm | D4: Vadstena | E4: Värnamo | F4: Uppvidinge | G4: Västervik | I4: Ronneby | J4: Kristianstad | K4: Halmstad | L4: Strömstad | M4: Hagfors | N4: Lindesberg | O4: Skinnskatteberg | P4: Mora | Q4: Gävle | R4: Sundsvall | S4: Åre | T4: Storuman | U4: Gällivare | Z4: Härjedalen
A5: Sundbyberg | B5: Enköping | C5: Strängnäs | D5: Linköping | E5: Gislaved | F5: Tingsryd | G5: Oskarshamn | I5: Karlshamn | J5: Hässleholm | K5: Laholm | L5: Lidköping | M5: Arvika | N5: Askersund | O5: Köping | P5: Falun | Q5: Nordanstig | R5: Ånge | S5: Krokom | T5: Sorsele | U5: Arjeplog | Z5: Gällivare
A6: Haninge | B6: Heby | C6: Flen | D6: Söderköping | E6: Nässjö | F6: Alvesta | G6: Kalmar | I6: Olofström | J6: Simrishamn | K6: Kungsbacka | L6: Mellerud | M6: Filipstad | N6: Laxå | O6: Hallstahammar | P6: Rättvik | Q6: Söderhamn | R6: Kramfors | S6: Berg | T6: Lycksele | U6: Piteå | Z6: Älvdalen
A7: Upplands-Bro | B7: Älvkarleby | C7: Oxelösund | D7: Kinda | E7: Eksjö | F7: Älmhult | G7: Mönsterås | J7: Ystad | K7: Hylte | L7: Stenungsund | M7: Sunne | N7: Nora | O7: Norberg | P7: Orsa | Q7: Ovanåker | R7: Härnösand | S7: Bräcke | T7: Åsele | U7: Pajala | Z7: Gotland
A8: Nynäshamn | B8: Håbo | C8: Trosa | D8: Motala | E8: Vaggeryd | F8: Markaryd | G8: Vimmerby | J8: Trelleborg | L8: Ulricehamn | M8: Årjäng | N8: Hallsberg | O8: Arboga | P8: Vansbro | Q8: Bollnäs | R8: Timrå | S8: Ragunda | T8: Umeå | U8: Arvidsjaur | Z8: Arjeplog
A9: Södertälje | B9: Knivsta | C9: Gnesta | D9: Finspång | E9: Sävsjö | F9: Lessebo | G9: Nybro | J9: Båstad | L9: Falköping | M9: Kristinehamn | N9: Ljusnarsberg | O9: Surahammar | P9: Ludvika | Q9: Sandviken | S9: Östersund | T9: Dorotea | U9: Luleå | Z9: Strömsund
A10: Österåker | C10: Vingåker | D10: Ödeshög | E10: Aneby | G10: Hultsfred | J10: Vellinge | L10: Bengtsfors | M10: Karlstad | N10: Degerfors | O10: Fagersta | P10: Gagnef | Q10: Ockelbo | T10: Vindeln | U10: Boden | Z10: Sollefteå
A11: Nykvarn | D11: Åtvidaberg | E11: Habo | G11: Högsby | J11: Höganäs | L11: Åmål | M11: Eda | N11: Karlskoga | O11: Kungsör | P11: Leksand | Q11: Hofors | T11: Nordmaling | U11: Kalix | Z11: Lomma
A12: Ekerö | D12: Ydre | E12: Gnosjö | G12: Emmaboda | J12: Bromölla | L12: Göteborg | M12: Grums | N12: Lekeberg | P12: Hedemora | T12: Robertsfors | U12: Överkalix | Z12: Skellefteå
A13: Vallentuna | D13: Boxholm | E13: Tranås | G13: Torsås | J13: Osby | L13: Mark | M13: Storfors | N13: Kumla | P13: Smedjebacken | T13: Norsjö | U13: Övertorneå | Z13: Vilhelmina
A14: Sigtuna | D14: Mjölby | E14: Mullsjö | J14: Skurup | L14: Orust | M14: Hammarö | P14: Avesta | T14: Malå | U14: Haparanda | Z14: Örnsköldsvik
A15: Botkyrka | J15: Sjöbo | L15: Svenljunga | M15: Kil | P15: Säter | T15: Bjurholm | U15: Älvsbyn | Z15: Åre
A16: Huddinge | J16: Ängelholm | L16: Tjörn | M16: Forshaga | P16: Borlänge | T16: Vännäs | Z16: Storuman
A17: Stockholm | J17: Östra Göinge | L17: Borås | M17: Munkfors | Z17: Piteå
A18: Nacka | J18: Perstorp | L18: Vänersborg | Z18: Pajala
A19: Vaxholm | J19: Hörby | L19: Dals-Ed | Z19: Sorsele
A20: Tyresö | J20: Lund | L20: Karlsborg | Z20: Solna
A21: Upplands Väsby | J21: Eslöv | L21: Tranemo | Z21: Krokom
A22: Salem | J22: Helsingborg | L22: Uddevalla | Z22: Ljusdal
A23: Täby | J23: Tomelilla | L23: Vara | Z23: Berg
A24: Järfälla | J24: Svalöv | L24: Lysekil | Z24: Arvidsjaur
A25: Sollentuna | J25: Klippan | L25: Sotenäs | Z25: Norrtälje
A26: Lidingö | J26: Malmö | L26: Skövde | Z26: Lycksele
A27: Danderyd | J27: Örkelljunga | L27: Kungälv | Z27: Åsele
J28: Höör | L28: Munkedal | Z28: Umeå
J29: Landskrona | L29: Götene | Z29: Luleå
J30: Kävlinge | L30: Färgelanda | Z30: Hudiksvall
J31: Svedala | L31: Töreboda | Z31: Sundsvall
J32: Bjuv | L32: Hjo | Z32: Torsby
J33: Staffanstorp | L33: Gullspång | Z33: Malung-Sälen
J34: Åstorp | L34: Tidaholm | Z34: Boden
L35: Öckerö | Z35: Bräcke
L36: Alingsås | Z36: Kalix
L37: Herrljunga | Z37: Östhammar
L38: Skara | Z38: Borgholm
L39: Vårgårda | Z39: Mörbylånga
L40: Mölndal | Z40: Västervik
L41: Trollhättan | Z41: Gävle
L42: Lilla Edet | Z42: Burlöv
L43: Ale | Z43: Karlskrona
L44: Lerum | Z44: Ånge
L45: Härryda | Z45: Mora
L46: Bollebygd | Z46: Värmdö
... L50: Partille | Z50: Vindeln
Z51: Ragunda
Z52: Tierp
Z53: Sundbyberg
Z54: Nordanstig
Z55: Nordmaling
Z56: Säffle
Z57: Övertorneå
Z58: Östersund
Z59: Robertsfors
Z60: Tanum
Z61: Söderhamn
Z62: Oskarshamn
... Z291: Danderyd
